classe,n,consistency,acaso,consistency_ajustada,f1
SNR,77,0.41379870129870133,0.10884083658277205,0.34220358970056663,0.6337448559670783
AF,115,0.3163092193399099,0.1632612548741581,0.18291009632012922,0.8949416342412452
IAVB,68,0.5182769386034956,0.09595179014533853,0.46714892397834823,0.8095238095238095
BRE,21,0.045666751549104496,0.028642325416518965,0.017526423662515066,0.823529411764706
BRD,178,0.6669709737827715,0.25348457993619283,0.5538886173459573,0.9058524173027989
CAP,48,0.2171884539072039,0.06730946472881957,0.16069530408047608,0.2442748091603053
CVP,53,0.20006382506382506,0.0744700460829493,0.13569931307931707,0.46696035242290757
STD,76,0.4565650906111432,0.10740872031194611,0.39117161263464456,0.6178861788617886
STE,15,0.3608888888888889,0.020049627791563274,0.347812777834048,0.37037037037037035
