record_id,classe,explicacao,consistency_local
A0481,SNR,III·QRS(+) | aVR·pré-QRS(+),0.0000
A0482,SNR,V2·QRS(+) | V5·QRS(+),0.0000
A0512,SNR,aVR·pré-QRS(+) | V1·QRS(+),0.3902
A0644,SNR,II·ST-T(+) | V2·QRS(+),0.5000
A0858,SNR,aVR·pré-QRS(+) | V1·QRS(+),0.3902
A0929,SNR,II·pré-QRS(+) | aVR·pré-QRS(+),0.2041
A0951,SNR,aVR·pré-QRS(+) | V2·QRS(+),0.2500
A1151,SNR,aVR·QRS(+) | V2·QRS(+),0.2500
A1241,SNR,aVR·pré-QRS(+) | V2·ST-T(+),1.0000
A1246,SNR,III·ST-T(+) | aVR·pré-QRS(+),0.0000
A1327,SNR,V1·QRS(+) | V2·QRS(+),0.0204
A1515,SNR,V4·QRS(+) | V5·QRS(+),0.0667
A1557,SNR,II·pré-QRS(+) | aVR·pré-QRS(+),0.2041
A1558,SNR,aVR·pré-QRS(+) | V1·QRS(+),0.3902
A1698,SNR,aVR·pré-QRS(+) | V2·ST-T(+),1.0000
A1699,SNR,aVR·pré-QRS(+) | V4·ST-T(+),0.0000
A1964,SNR,I·pré-QRS(+) | aVR·pré-QRS(+),0.1000
A2012,SNR,aVR·pré-QRS(+) | V5·ST-T(+),0.0000
A2022,SNR,aVR·QRS(+) | V2·QRS(+),0.2500
A2046,SNR,II·pré-QRS(+) | aVR·pré-QRS(+),0.2041
A2126,SNR,aVR·pré-QRS(+) | V4·QRS(+),0.0000
A2204,SNR,aVR·QRS(+) | V1·QRS(+),0.0000
A2253,SNR,aVR·pré-QRS(+) | V1·QRS(+),0.3902
A2419,SNR,aVR·pré-QRS(+) | V1·QRS(+),0.3902
A2462,SNR,aVR·pré-QRS(+) | V2·ST-T(+),1.0000
A2501,SNR,V1·QRS(+) | V2·pré-QRS(+),0.0000
A2549,SNR,II·pré-QRS(+) | aVR·pré-QRS(+),0.2041
A2569,SNR,aVR·pré-QRS(+) | V1·QRS(+),0.3902
A2820,SNR,V1·QRS(+) | V2·QRS(+),0.0204
A2921,SNR,II·pré-QRS(+) | aVR·pré-QRS(+),0.2041
A3128,SNR,III·ST-T(−) | aVR·pré-QRS(+),0.0000
A3217,SNR,aVR·pré-QRS(+) | V1·pré-QRS(+),0.0714
A3241,SNR,II·ST-T(+) | V1·QRS(+),0.0000
A3327,SNR,V3·pré-QRS(+) | V4·QRS(+),0.0000
A3430,SNR,II·QRS(+) | V6·QRS(−),0.0000
A3454,SNR,aVR·pré-QRS(+) | V1·QRS(+),0.3902
A3513,SNR,II·ST-T(+) | V2·ST-T(+),0.0000
A3619,SNR,aVR·pré-QRS(+) | V1·QRS(+),0.3902
A3653,SNR,V1·QRS(+) | V4·QRS(+),0.0000
A3739,SNR,aVR·pré-QRS(+) | V2·ST-T(+),1.0000
A3894,SNR,aVR·pré-QRS(+) | V3·pré-QRS(+),0.3333
A3932,SNR,aVR·pré-QRS(+) | V1·QRS(+),0.3902
A4022,SNR,aVR·pré-QRS(+) | V1·QRS(+),0.3902
A4024,SNR,III·QRS(+) | V5·QRS(+),0.0000
A4066,SNR,I·ST-T(−) | aVR·QRS(+),0.0000
A4208,SNR,aVR·pré-QRS(+) | V2·pré-QRS(+),0.0000
A4219,SNR,aVR·pré-QRS(+) | V3·pré-QRS(+),0.3333
A4237,SNR,II·pré-QRS(+) | aVR·pré-QRS(+),0.2041
A4299,SNR,aVR·pré-QRS(+) | V1·QRS(+),0.3902
A4364,SNR,II·pré-QRS(+) | aVR·pré-QRS(+),0.2041
A4370,SNR,aVL·ST-T(+) | V3·pré-QRS(+),0.0000
A4374,SNR,V3·pré-QRS(+) | V5·QRS(+),0.0000
A4378,SNR,II·ST-T(+) | V2·QRS(+),0.5000
A4396,SNR,V1·QRS(+) | V5·ST-T(+),0.0000
A4429,SNR,aVR·pré-QRS(+) | V2·QRS(+),0.2500
A4456,SNR,II·QRS(+) | V2·QRS(+),0.0000
A4743,SNR,II·pré-QRS(+) | aVR·pré-QRS(+),0.2041
A4785,SNR,aVF·QRS(−) | V1·QRS(+),0.0000
A5244,SNR,II·pré-QRS(+) | aVR·pré-QRS(+),0.2041
A5373,SNR,aVR·pré-QRS(+) | V1·QRS(+),0.3902
A5566,SNR,III·QRS(−) | V4·QRS(−),0.0000
A5716,SNR,V4·QRS(+) | V5·QRS(+),0.0667
A5727,SNR,II·QRS(+) | aVR·pré-QRS(+),0.0000
A5741,SNR,III·pré-QRS(+) | V1·QRS(+),0.0000
A5883,SNR,aVR·pré-QRS(+) | V1·pré-QRS(+),0.0714
A5913,SNR,II·pré-QRS(+) | aVR·pré-QRS(+),0.2041
A5916,SNR,II·pré-QRS(+) | aVR·pré-QRS(+),0.2041
A5934,SNR,aVR·pré-QRS(+) | V1·QRS(+),0.3902
A5984,SNR,aVR·QRS(+) | V4·QRS(+),0.0000
A6046,SNR,aVR·pré-QRS(+) | V1·QRS(+),0.3902
A6195,SNR,aVR·pré-QRS(+) | V1·QRS(+),0.3902
A6252,SNR,aVR·pré-QRS(+) | V1·QRS(+),0.3902
A6298,SNR,aVR·pré-QRS(+) | V4·pré-QRS(+),0.0000
A6307,SNR,aVR·pré-QRS(+) | aVL·ST-T(+),0.0000
A6358,SNR,V2·ST-T(+) | V4·pré-QRS(+),0.0000
A6390,SNR,I·pré-QRS(+) | aVR·pré-QRS(+),0.1000
A6606,SNR,V2·ST-T(+) | V3·pré-QRS(+),0.0000
A6801,SNR,aVR·pré-QRS(+) | V1·QRS(+),0.3902
A0079,AF,aVR·QRS(+) | V5·QRS(+),0.3000
A0121,AF,aVR·pré-QRS(+) | V1·pré-QRS(+),0.3571
A0247,AF,V4·QRS(+) | V5·QRS(+),0.8667
A0471,AF,aVL·QRS(+) | V5·QRS(+),0.0000
A0557,AF,aVR·QRS(+) | V6·QRS(+),0.8000
A0643,AF,V1·pré-QRS(+) | V5·QRS(+),0.7143
A0656,AF,I·QRS(+) | V4·QRS(+),0.0000
A0689,AF,aVR·pré-QRS(+) | V1·pré-QRS(+),0.3571
A0782,AF,aVR·QRS(+) | V1·QRS(+),0.0909
A0795,AF,II·QRS(+) | V1·QRS(+),0.0000
A0849,AF,V1·pré-QRS(+) | V5·QRS(+),0.7143
A1008,AF,V4·QRS(+) | V5·QRS(+),0.8667
A1041,AF,III·QRS(+) | aVR·pré-QRS(+),0.5000
A1124,AF,aVR·QRS(+) | V3·QRS(+),1.0000
A1155,AF,V1·QRS(+) | V2·QRS(+),0.0204
A1371,AF,V2·QRS(+) | V4·QRS(+),0.5000
A1410,AF,V4·QRS(+) | V5·QRS(+),0.8667
A1528,AF,V1·pré-QRS(+) | V6·pré-QRS(−),0.0000
A1607,AF,aVR·pré-QRS(+) | aVR·QRS(+),0.2500
A1626,AF,aVR·QRS(+) | V1·QRS(+),0.0909
A1635,AF,aVR·pré-QRS(+) | V1·ST-T(+),0.0000
A1648,AF,II·QRS(+) | aVR·QRS(+),0.0000
A1654,AF,V5·QRS(+) | V6·QRS(+),1.0000
A1764,AF,aVR·pré-QRS(+) | V4·QRS(+),0.3333
A1765,AF,aVR·pré-QRS(+) | V3·QRS(+),0.8000
A1932,AF,V4·QRS(+) | V5·QRS(+),0.8667
A2064,AF,aVR·QRS(+) | V5·QRS(+),0.3000
A2105,AF,aVR·pré-QRS(+) | V3·QRS(+),0.8000
A2118,AF,V2·QRS(+) | V3·QRS(+),0.1667
A2150,AF,II·QRS(+) | V5·QRS(+),0.5000
A2223,AF,II·QRS(+) | V1·pré-QRS(+),0.0000
A2378,AF,V3·QRS(+) | V4·QRS(+),0.8571
A2459,AF,aVR·QRS(+) | V4·QRS(+),0.5000
A2563,AF,III·QRS(+) | V4·QRS(+),0.0000
A2602,AF,V2·QRS(+) | V5·QRS(+),0.2500
A2618,AF,aVR·pré-QRS(+) | aVR·QRS(+),0.2500
A2682,AF,aVR·pré-QRS(+) | V1·pré-QRS(+),0.3571
A2697,AF,aVR·QRS(+) | V4·QRS(+),0.5000
A2718,AF,V4·QRS(+) | V5·QRS(+),0.8667
A2849,AF,V4·QRS(+) | V5·QRS(+),0.8667
A2902,AF,V3·QRS(+) | V4·QRS(+),0.8571
A2962,AF,V3·QRS(+) | V4·QRS(+),0.8571
A2987,AF,aVR·ST-T(+) | V4·QRS(+),0.0000
A3189,AF,aVR·pré-QRS(+) | V3·QRS(+),0.8000
A3264,AF,aVR·QRS(+) | V6·QRS(+),0.8000
A3282,AF,V4·QRS(+) | V5·QRS(+),0.8667
A3320,AF,V4·QRS(+) | V5·QRS(+),0.8667
A3333,AF,aVR·QRS(+) | V5·QRS(+),0.3000
A3343,AF,aVR·pré-QRS(+) | V3·QRS(+),0.8000
A3403,AF,V3·QRS(+) | V4·QRS(+),0.8571
A3483,AF,aVR·QRS(+) | V6·QRS(+),0.8000
A3627,AF,I·pré-QRS(+) | aVR·pré-QRS(+),0.1000
A3644,AF,III·QRS(+) | V3·QRS(+),0.0000
A3701,AF,V4·QRS(+) | V5·QRS(+),0.8667
A3715,AF,V2·QRS(+) | V3·QRS(+),0.1667
A3737,AF,aVR·pré-QRS(+) | V1·pré-QRS(+),0.3571
A3760,AF,V1·QRS(+) | V6·QRS(+),0.0000
A3763,AF,V3·QRS(+) | V5·QRS(+),0.0000
A3787,AF,I·QRS(+) | V1·pré-QRS(+),0.0000
A3876,AF,V4·QRS(+) | V5·QRS(+),0.8667
A4005,AF,V3·QRS(+) | V6·QRS(+),0.0000
A4041,AF,aVR·QRS(+) | V5·QRS(+),0.3000
A4073,AF,aVR·QRS(+) | V4·QRS(+),0.5000
A4101,AF,V1·QRS(+) | V2·QRS(+),0.0204
A4105,AF,V4·QRS(+) | V5·QRS(+),0.8667
A4112,AF,aVR·QRS(+) | V6·QRS(+),0.8000
A4254,AF,V1·pré-QRS(+) | V5·QRS(+),0.7143
A4341,AF,V2·QRS(+) | V5·QRS(+),0.2500
A4490,AF,II·QRS(+) | aVR·pré-QRS(+),0.0000
A4616,AF,II·QRS(+) | V6·QRS(+),0.0000
A4642,AF,V2·QRS(+) | V4·QRS(+),0.5000
A4709,AF,V3·QRS(+) | V4·QRS(+),0.8571
A4855,AF,V4·QRS(+) | V5·QRS(+),0.8667
A4860,AF,aVR·pré-QRS(+) | V2·QRS(+),0.0000
A4874,AF,V4·QRS(+) | V5·QRS(+),0.8667
A4990,AF,V1·QRS(+) | V4·QRS(+),0.0000
A5023,AF,V4·QRS(+) | V5·QRS(+),0.8667
A5073,AF,aVR·pré-QRS(+) | V1·pré-QRS(+),0.3571
A5166,AF,aVR·pré-QRS(+) | V1·pré-QRS(+),0.3571
A5181,AF,aVR·QRS(+) | V4·QRS(+),0.5000
A5195,AF,I·pré-QRS(+) | aVR·pré-QRS(+),0.1000
A5261,AF,V1·pré-QRS(+) | V1·ST-T(+),0.0000
A5284,AF,aVR·pré-QRS(+) | V1·QRS(+),0.0000
A5300,AF,V3·QRS(+) | V4·QRS(+),0.8571
A5343,AF,III·pré-QRS(+) | V4·QRS(+),0.0000
A5396,AF,II·pré-QRS(+) | V1·pré-QRS(+),0.0000
A5400,AF,II·QRS(+) | V5·QRS(+),0.5000
A5571,AF,III·pré-QRS(−) | V2·QRS(+),0.0000
A5626,AF,V1·pré-QRS(+) | V5·QRS(+),0.7143
A5649,AF,II·pré-QRS(+) | aVR·pré-QRS(+),0.0408
A5685,AF,aVR·pré-QRS(+) | V4·QRS(+),0.3333
A5717,AF,V1·pré-QRS(+) | V5·QRS(+),0.7143
A5795,AF,aVF·QRS(+) | V4·QRS(+),0.0000
A5799,AF,aVR·pré-QRS(+) | V6·QRS(+),0.0000
A5842,AF,aVR·pré-QRS(+) | V5·QRS(+),0.0000
A5867,AF,aVR·QRS(+) | V3·QRS(+),1.0000
A5969,AF,II·pré-QRS(+) | aVR·pré-QRS(+),0.0408
A6152,AF,aVR·pré-QRS(+) | V3·QRS(+),0.8000
A6172,AF,III·QRS(+) | aVR·pré-QRS(+),0.5000
A6227,AF,V1·pré-QRS(+) | V1·QRS(+),0.0000
A6326,AF,V3·QRS(+) | V4·QRS(+),0.8571
A6352,AF,V1·pré-QRS(+) | V5·QRS(+),0.7143
A6381,AF,V5·QRS(+) | V6·QRS(+),1.0000
A6517,AF,I·pré-QRS(+) | V5·QRS(+),0.0000
A6688,AF,V2·QRS(+) | V4·QRS(+),0.5000
A6696,AF,aVR·QRS(+) | V2·QRS(+),0.0000
A6831,AF,II·pré-QRS(+) | aVR·pré-QRS(+),0.0408
A6861,AF,aVR·QRS(+) | V6·QRS(+),0.8000
A0246,IAVB,aVR·pré-QRS(+) | aVF·pré-QRS(+),1.0000
A0292,IAVB,aVR·pré-QRS(+) | V1·pré-QRS(+),0.2857
A0373,IAVB,I·pré-QRS(+) | aVR·pré-QRS(+),0.4000
A0402,IAVB,aVR·pré-QRS(+) | V1·pré-QRS(+),0.2857
A0428,IAVB,III·pré-QRS(+) | aVR·pré-QRS(+),1.0000
A0434,IAVB,I·pré-QRS(+) | aVR·pré-QRS(+),0.4000
A0540,IAVB,aVR·pré-QRS(+) | V4·pré-QRS(+),0.3333
A0585,IAVB,II·pré-QRS(+) | aVR·pré-QRS(+),0.5714
A0669,IAVB,II·pré-QRS(+) | aVR·pré-QRS(+),0.5714
A0725,IAVB,II·pré-QRS(+) | aVR·pré-QRS(+),0.5714
A0842,IAVB,aVR·QRS(+) | V2·pré-QRS(+),0.0000
A0853,IAVB,V5·pré-QRS(+) | V6·pré-QRS(+),0.0000
A0877,IAVB,II·pré-QRS(+) | aVR·pré-QRS(+),0.5714
A1055,IAVB,II·pré-QRS(+) | aVR·pré-QRS(+),0.5714
A1358,IAVB,aVR·pré-QRS(+) | V4·pré-QRS(+),0.3333
A1408,IAVB,aVR·pré-QRS(+) | aVR·QRS(+),0.2500
A1428,IAVB,V1·pré-QRS(+) | V6·pré-QRS(−),0.0000
A1726,IAVB,V1·pré-QRS(+) | V1·QRS(+),0.0000
A1741,IAVB,aVR·pré-QRS(+) | V6·QRS(+),0.0000
A1744,IAVB,V1·QRS(−) | V3·QRS(+),0.0000
A1908,IAVB,I·pré-QRS(+) | aVR·pré-QRS(+),0.4000
A1909,IAVB,II·pré-QRS(+) | aVR·pré-QRS(+),0.5714
A2408,IAVB,II·pré-QRS(+) | aVR·pré-QRS(+),0.5714
A2417,IAVB,V4·pré-QRS(+) | V6·pré-QRS(+),0.0000
A2504,IAVB,II·pré-QRS(+) | aVR·pré-QRS(+),0.5714
A2655,IAVB,II·pré-QRS(+) | aVR·pré-QRS(+),0.5714
A2657,IAVB,aVR·pré-QRS(+) | aVF·pré-QRS(+),1.0000
A2690,IAVB,II·pré-QRS(+) | aVR·pré-QRS(+),0.5714
A2886,IAVB,II·pré-QRS(+) | aVR·pré-QRS(+),0.5714
A3040,IAVB,aVR·pré-QRS(+) | aVR·ST-T(+),0.0000
A3178,IAVB,II·pré-QRS(+) | aVR·pré-QRS(+),0.5714
A3353,IAVB,III·pré-QRS(+) | aVR·pré-QRS(+),1.0000
A3440,IAVB,II·pré-QRS(+) | aVR·pré-QRS(+),0.5714
A3512,IAVB,II·pré-QRS(+) | aVR·pré-QRS(+),0.5714
A3620,IAVB,aVR·pré-QRS(+) | V1·pré-QRS(+),0.2857
A3634,IAVB,aVR·pré-QRS(+) | V2·ST-T(−),0.0000
A3775,IAVB,II·pré-QRS(+) | aVR·pré-QRS(+),0.5714
A4120,IAVB,II·pré-QRS(+) | aVR·pré-QRS(+),0.5714
A4186,IAVB,II·pré-QRS(+) | aVR·pré-QRS(+),0.5714
A4246,IAVB,II·pré-QRS(+) | aVR·pré-QRS(+),0.5714
A4403,IAVB,III·pré-QRS(+) | aVR·pré-QRS(+),1.0000
A4439,IAVB,I·pré-QRS(+) | aVR·pré-QRS(+),0.4000
A4595,IAVB,II·pré-QRS(+) | aVR·pré-QRS(+),0.5714
A4679,IAVB,aVR·pré-QRS(+) | V1·pré-QRS(+),0.2857
A4745,IAVB,aVR·pré-QRS(+) | V2·pré-QRS(+),0.0000
A4776,IAVB,aVR·pré-QRS(+) | aVR·QRS(+),0.2500
A4957,IAVB,I·pré-QRS(+) | aVR·pré-QRS(+),0.4000
A5003,IAVB,II·pré-QRS(+) | aVR·pré-QRS(+),0.5714
A5047,IAVB,II·pré-QRS(+) | aVR·pré-QRS(+),0.5714
A5217,IAVB,V2·pré-QRS(+) | V3·QRS(+),0.0000
A5256,IAVB,aVR·pré-QRS(+) | V1·pré-QRS(+),0.2857
A5371,IAVB,II·pré-QRS(+) | aVR·pré-QRS(+),0.5714
A5547,IAVB,V1·pré-QRS(+) | V5·pré-QRS(+),0.0000
A5574,IAVB,II·pré-QRS(+) | aVR·pré-QRS(+),0.5714
A5987,IAVB,II·pré-QRS(+) | aVR·pré-QRS(+),0.5714
A6332,IAVB,III·pré-QRS(+) | aVR·pré-QRS(+),1.0000
A6430,IAVB,II·pré-QRS(+) | aVR·pré-QRS(+),0.5714
A6538,IAVB,II·pré-QRS(+) | aVR·pré-QRS(+),0.5714
A6705,IAVB,II·pré-QRS(+) | aVR·pré-QRS(+),0.5714
A6749,IAVB,II·pré-QRS(+) | aVR·pré-QRS(+),0.5714
A6757,IAVB,II·pré-QRS(+) | aVR·pré-QRS(+),0.5714
A1041,BRE,aVR·QRS(+) | V2·QRS(+),0.0000
A1055,BRE,V1·QRS(+) | V2·QRS(+),0.1224
A2102,BRE,I·QRS(+) | V2·QRS(+),1.0000
A2851,BRE,V1·QRS(+) | V2·QRS(+),0.1224
A2984,BRE,II·QRS(−) | V4·QRS(−),0.0000
A3016,BRE,V1·QRS(+) | V6·QRS(−),0.0000
A3556,BRE,I·QRS(+) | V2·QRS(+),1.0000
A3760,BRE,aVR·QRS(+) | V1·QRS(+),0.0909
A4181,BRE,I·QRS(+) | V2·QRS(+),1.0000
A4352,BRE,III·QRS(+) | V2·QRS(+),0.0000
A4763,BRE,aVF·QRS(−) | V2·QRS(+),0.0000
A4983,BRE,aVR·QRS(+) | V1·QRS(+),0.0909
A4990,BRE,aVR·QRS(+) | V4·QRS(−),0.0000
A5606,BRE,I·QRS(+) | II·QRS(−),0.0000
A5660,BRE,I·QRS(+) | V2·QRS(+),1.0000
A5924,BRE,V1·QRS(+) | V2·QRS(+),0.1224
A6018,BRE,V1·QRS(+) | V2·QRS(+),0.1224
A6340,BRE,V1·QRS(+) | V2·QRS(+),0.1224
A6475,BRE,V1·QRS(+) | V2·QRS(+),0.1224
A6856,BRE,V1·QRS(+) | V2·QRS(+),0.1224
A0079,BRD,aVR·QRS(−) | V1·QRS(+),1.0000
A0096,BRD,V1·QRS(+) | V3·QRS(+),1.0000
A0114,BRD,III·QRS(+) | V1·QRS(+),1.0000
A0209,BRD,V1·QRS(+) | V4·QRS(+),0.7059
A0251,BRD,V1·QRS(+) | V2·QRS(+),0.7551
A0259,BRD,III·QRS(+) | V1·QRS(+),1.0000
A0293,BRD,aVR·QRS(+) | V1·QRS(+),0.3636
A0294,BRD,III·QRS(+) | V4·QRS(+),0.5000
A0322,BRD,V1·QRS(+) | V5·ST-T(+),0.5000
A0334,BRD,V1·pré-QRS(+) | V1·QRS(+),0.2500
A0414,BRD,aVL·QRS(−) | V1·QRS(+),1.0000
A0485,BRD,III·QRS(+) | aVL·QRS(−),0.0000
A0494,BRD,II·QRS(+) | V1·QRS(+),0.3333
A0557,BRD,V1·QRS(+) | V2·QRS(+),0.7551
A0643,BRD,V1·QRS(+) | V4·QRS(−),0.0000
A0662,BRD,V1·QRS(+) | V5·QRS(+),1.0000
A0670,BRD,aVR·QRS(−) | V1·QRS(+),1.0000
A0768,BRD,V1·QRS(+) | V2·pré-QRS(+),0.7500
A0781,BRD,V1·QRS(+) | V1·ST-T(−),0.0000
A0782,BRD,V1·pré-QRS(+) | V1·QRS(+),0.2500
A0808,BRD,V1·QRS(+) | V2·QRS(+),0.7551
A0880,BRD,aVR·pré-QRS(+) | V1·QRS(+),0.4878
A0961,BRD,aVR·pré-QRS(+) | V1·QRS(+),0.4878
A1018,BRD,III·QRS(+) | V1·QRS(+),1.0000
A1057,BRD,aVR·ST-T(−) | V1·QRS(+),1.0000
A1092,BRD,V1·QRS(+) | V2·QRS(+),0.7551
A1100,BRD,aVR·QRS(−) | V1·QRS(+),1.0000
A1101,BRD,III·QRS(+) | V1·QRS(+),1.0000
A1139,BRD,V1·QRS(+) | V4·QRS(+),0.7059
A1162,BRD,II·QRS(+) | V5·QRS(+),0.0000
A1236,BRD,V1·QRS(+) | V3·QRS(+),1.0000
A1240,BRD,V1·QRS(+) | V2·QRS(+),0.7551
A1265,BRD,V1·QRS(+) | V2·QRS(+),0.7551
A1305,BRD,V1·QRS(+) | V6·QRS(−),0.6667
A1345,BRD,V1·QRS(+) | V2·QRS(+),0.7551
A1357,BRD,aVR·pré-QRS(+) | V1·QRS(+),0.4878
A1375,BRD,V1·QRS(+) | V4·QRS(+),0.7059
A1398,BRD,V1·QRS(+) | V2·QRS(+),0.7551
A1410,BRD,II·QRS(+) | V1·QRS(+),0.3333
A1412,BRD,V1·QRS(+) | V2·QRS(+),0.7551
A1435,BRD,aVR·ST-T(−) | V1·QRS(+),1.0000
A1560,BRD,II·QRS(−) | V1·QRS(+),0.0000
A1602,BRD,V1·QRS(+) | V3·ST-T(+),0.0000
A1648,BRD,V1·QRS(+) | V2·QRS(+),0.7551
A1654,BRD,aVR·QRS(−) | V1·QRS(+),1.0000
A1675,BRD,V1·QRS(+) | V3·QRS(+),1.0000
A1690,BRD,V1·QRS(+) | V2·pré-QRS(+),0.7500
A1707,BRD,V1·QRS(+) | V2·QRS(+),0.7551
A1772,BRD,III·QRS(+) | V1·QRS(+),1.0000
A1837,BRD,aVL·QRS(−) | V1·QRS(+),1.0000
A1847,BRD,V1·QRS(+) | V2·QRS(+),0.7551
A1951,BRD,V1·QRS(+) | V6·QRS(−),0.6667
A1997,BRD,aVR·ST-T(−) | V1·QRS(+),1.0000
A1998,BRD,III·QRS(+) | V1·QRS(+),1.0000
A2008,BRD,V1·QRS(+) | V6·QRS(−),0.6667
A2067,BRD,aVR·QRS(+) | V1·QRS(+),0.3636
A2116,BRD,aVR·QRS(−) | V4·QRS(+),1.0000
A2160,BRD,aVL·QRS(−) | V1·QRS(+),1.0000
A2179,BRD,V1·QRS(+) | V3·QRS(+),1.0000
A2212,BRD,V1·QRS(+) | V2·QRS(+),0.7551
A2263,BRD,aVR·ST-T(−) | V1·QRS(+),1.0000
A2338,BRD,III·ST-T(+) | V1·QRS(+),0.0000
A2353,BRD,V2·QRS(+) | V3·QRS(−),0.0000
A2413,BRD,I·QRS(+) | II·QRS(+),0.0000
A2431,BRD,V1·QRS(+) | V6·QRS(+),0.0000
A2494,BRD,V1·QRS(+) | V2·QRS(+),0.7551
A2497,BRD,V1·QRS(+) | V6·QRS(−),0.6667
A2528,BRD,aVR·QRS(+) | V1·QRS(+),0.3636
A2604,BRD,V1·QRS(+) | V4·QRS(+),0.7059
A2677,BRD,aVR·pré-QRS(+) | V3·pré-QRS(+),0.0000
A2734,BRD,V1·QRS(+) | V2·QRS(+),0.7551
A2745,BRD,V1·QRS(+) | V6·QRS(−),0.6667
A2788,BRD,V1·QRS(+) | V2·QRS(+),0.7551
A2800,BRD,V1·pré-QRS(+) | V2·pré-QRS(+),0.0000
A2810,BRD,aVL·QRS(+) | V1·QRS(+),1.0000
A2846,BRD,aVR·pré-QRS(+) | V1·QRS(+),0.4878
A2935,BRD,V1·QRS(+) | V4·QRS(+),0.7059
A2953,BRD,aVR·pré-QRS(+) | V1·QRS(+),0.4878
A2977,BRD,aVR·pré-QRS(+) | V1·QRS(+),0.4878
A3131,BRD,V1·QRS(+) | V2·QRS(+),0.7551
A3160,BRD,aVF·pré-QRS(−) | V1·QRS(+),1.0000
A3174,BRD,aVR·QRS(+) | V6·QRS(−),0.0000
A3201,BRD,V1·QRS(+) | V2·QRS(+),0.7551
A3235,BRD,V1·QRS(+) | V5·ST-T(+),0.5000
A3264,BRD,aVL·QRS(−) | V1·QRS(+),1.0000
A3301,BRD,aVF·pré-QRS(−) | V1·QRS(+),1.0000
A3388,BRD,aVR·pré-QRS(+) | V1·QRS(+),0.4878
A3434,BRD,V1·QRS(+) | V2·QRS(+),0.7551
A3444,BRD,V1·QRS(+) | V3·QRS(+),1.0000
A3480,BRD,aVF·pré-QRS(−) | V1·QRS(+),1.0000
A3483,BRD,aVR·QRS(−) | V1·QRS(+),1.0000
A3552,BRD,aVR·ST-T(−) | V1·QRS(+),1.0000
A3730,BRD,V1·QRS(+) | V4·QRS(+),0.7059
A3793,BRD,V1·QRS(+) | V2·QRS(+),0.7551
A3807,BRD,I·QRS(+) | V1·QRS(+),0.6667
A3809,BRD,aVF·QRS(−) | V1·QRS(+),0.0000
A3813,BRD,V1·QRS(+) | V4·QRS(+),0.7059
A3843,BRD,V2·QRS(+) | V5·QRS(+),0.0000
A3905,BRD,V4·QRS(+) | V5·ST-T(+),0.0000
A3941,BRD,aVR·pré-QRS(+) | V1·QRS(+),0.4878
A3942,BRD,aVR·pré-QRS(+) | V1·QRS(+),0.4878
A3953,BRD,III·QRS(+) | V1·QRS(+),1.0000
A4056,BRD,V1·QRS(+) | V5·QRS(+),1.0000
A4085,BRD,V1·QRS(+) | V2·QRS(+),0.7551
A4097,BRD,V1·QRS(+) | V2·QRS(+),0.7551
A4131,BRD,V1·QRS(+) | V4·QRS(+),0.7059
A4222,BRD,aVR·pré-QRS(+) | V1·QRS(+),0.4878
A4241,BRD,III·QRS(+) | V1·QRS(+),1.0000
A4253,BRD,aVF·pré-QRS(−) | V1·QRS(+),1.0000
A4260,BRD,V1·QRS(+) | V4·QRS(+),0.7059
A4292,BRD,V1·QRS(+) | V4·QRS(+),0.7059
A4334,BRD,aVR·QRS(−) | V2·QRS(+),0.0000
A4353,BRD,V1·QRS(+) | V4·QRS(+),0.7059
A4358,BRD,V1·QRS(+) | V2·QRS(+),0.7551
A4435,BRD,aVR·pré-QRS(+) | V1·QRS(+),0.4878
A4489,BRD,V1·QRS(+) | V2·QRS(+),0.7551
A4499,BRD,aVR·QRS(−) | V1·QRS(+),1.0000
A4556,BRD,V1·QRS(+) | V2·QRS(+),0.7551
A4574,BRD,aVR·pré-QRS(+) | V1·QRS(+),0.4878
A4578,BRD,III·QRS(+) | aVR·QRS(−),0.0000
A4616,BRD,V1·QRS(+) | V2·QRS(+),0.7551
A4619,BRD,aVR·pré-QRS(+) | V1·QRS(+),0.4878
A4639,BRD,aVR·QRS(−) | V1·QRS(+),1.0000
A4646,BRD,V1·QRS(+) | V2·QRS(−),0.0000
A4698,BRD,aVR·pré-QRS(+) | V1·QRS(+),0.4878
A4699,BRD,aVL·QRS(+) | V1·QRS(+),1.0000
A4797,BRD,V1·QRS(+) | V2·QRS(+),0.7551
A4818,BRD,V1·QRS(+) | V2·QRS(+),0.7551
A4943,BRD,V1·QRS(+) | V3·QRS(+),1.0000
A4945,BRD,V1·QRS(+) | V2·QRS(+),0.7551
A5009,BRD,aVL·QRS(−) | V1·QRS(+),1.0000
A5027,BRD,aVR·QRS(+) | V1·QRS(+),0.3636
A5060,BRD,V1·QRS(+) | V5·QRS(+),1.0000
A5118,BRD,V2·QRS(+) | V4·QRS(+),0.0000
A5181,BRD,aVL·QRS(−) | V1·QRS(+),1.0000
A5231,BRD,aVR·QRS(−) | V1·QRS(+),1.0000
A5232,BRD,V1·QRS(+) | V2·QRS(+),0.7551
A5236,BRD,V1·QRS(+) | V2·QRS(+),0.7551
A5305,BRD,V1·QRS(+) | V4·ST-T(+),0.0000
A5335,BRD,aVR·pré-QRS(+) | V1·QRS(+),0.4878
A5518,BRD,V1·QRS(+) | V4·QRS(+),0.7059
A5628,BRD,V1·QRS(+) | V2·QRS(+),0.7551
A5733,BRD,aVR·ST-T(−) | V1·QRS(+),1.0000
A5781,BRD,V3·QRS(−) | V6·QRS(−),0.0000
A5795,BRD,III·QRS(+) | V1·QRS(+),1.0000
A5799,BRD,V1·QRS(+) | V2·QRS(+),0.7551
A5882,BRD,III·QRS(+) | V1·QRS(+),1.0000
A5943,BRD,aVR·pré-QRS(+) | V1·QRS(+),0.4878
A5961,BRD,V1·QRS(+) | V2·QRS(+),0.7551
A5969,BRD,V1·QRS(+) | V2·QRS(+),0.7551
A6023,BRD,aVR·pré-QRS(+) | V1·QRS(+),0.4878
A6041,BRD,V1·QRS(+) | V5·QRS(−),0.0000
A6096,BRD,aVR·pré-QRS(+) | V1·QRS(+),0.4878
A6103,BRD,I·QRS(+) | V1·QRS(+),0.6667
A6120,BRD,aVL·QRS(−) | V1·QRS(+),1.0000
A6243,BRD,aVR·QRS(−) | V4·QRS(+),1.0000
A6273,BRD,aVR·pré-QRS(+) | V1·QRS(+),0.4878
A6278,BRD,V1·QRS(+) | V4·QRS(+),0.7059
A6364,BRD,V1·QRS(+) | V2·pré-QRS(+),0.7500
A6401,BRD,V1·QRS(+) | V2·QRS(+),0.7551
A6405,BRD,aVR·QRS(+) | V1·QRS(−),0.0000
A6461,BRD,III·QRS(+) | V4·QRS(+),0.5000
A6497,BRD,I·QRS(+) | V1·QRS(+),0.6667
A6511,BRD,aVR·pré-QRS(+) | V1·QRS(+),0.4878
A6524,BRD,V1·QRS(+) | V2·QRS(+),0.7551
A6550,BRD,aVR·pré-QRS(+) | V1·QRS(+),0.4878
A6587,BRD,I·ST-T(−) | V1·QRS(+),0.0000
A6601,BRD,III·QRS(−) | V1·QRS(+),0.0000
A6707,BRD,V1·QRS(+) | V2·QRS(+),0.7551
A6742,BRD,V1·QRS(+) | V1·ST-T(+),0.0000
A6752,BRD,V1·QRS(+) | V2·pré-QRS(+),0.7500
A6849,BRD,aVR·QRS(+) | V1·QRS(+),0.3636
A0113,CAP,V1·QRS(+) | V4·QRS(+),0.0000
A0251,CAP,aVR·ST-T(+) | V1·pré-QRS(+),0.0000
A0458,CAP,V2·QRS(+) | V6·pré-QRS(+),0.0000
A0680,CAP,V1·pré-QRS(+) | V4·QRS(+),1.0000
A0791,CAP,V2·pré-QRS(+) | V3·QRS(+),0.0000
A0924,CAP,II·QRS(+) | V2·QRS(+),0.5000
A0953,CAP,V1·pré-QRS(+) | V1·QRS(+),0.0000
A0972,CAP,II·pré-QRS(+) | V2·QRS(+),0.0000
A1194,CAP,II·QRS(+) | V3·QRS(+),0.0000
A1236,CAP,I·pré-QRS(+) | aVR·pré-QRS(+),0.1000
A1897,CAP,V2·QRS(+) | V3·QRS(+),0.1667
A2091,CAP,aVF·QRS(+) | V2·pré-QRS(+),0.0000
A2190,CAP,aVR·pré-QRS(+) | V5·QRS(+),0.0000
A2266,CAP,V1·pré-QRS(+) | V2·QRS(+),0.0000
A2351,CAP,V3·QRS(+) | V4·QRS(+),0.0000
A2359,CAP,aVF·QRS(+) | V3·QRS(+),0.0000
A2404,CAP,aVR·pré-QRS(+) | V2·QRS(+),0.0000
A2416,CAP,V2·QRS(+) | V5·QRS(+),0.0000
A2935,CAP,II·ST-T(+) | aVR·ST-T(+),0.0000
A2949,CAP,aVR·QRS(+) | V4·QRS(+),0.1667
A3069,CAP,aVF·QRS(+) | V1·QRS(+),0.0000
A3207,CAP,aVR·QRS(+) | V1·pré-QRS(+),1.0000
A3237,CAP,II·QRS(+) | V2·QRS(+),0.5000
A3744,CAP,V2·QRS(+) | V3·QRS(+),0.1667
A4003,CAP,aVR·QRS(+) | V4·QRS(+),0.1667
A4090,CAP,aVR·pré-QRS(+) | V1·pré-QRS(+),0.0000
A4319,CAP,II·pré-QRS(+) | V3·pré-QRS(+),0.0000
A4352,CAP,III·pré-QRS(+) | V1·pré-QRS(+),0.0000
A4575,CAP,I·pré-QRS(+) | aVR·pré-QRS(+),0.1000
A4654,CAP,II·QRS(+) | V4·QRS(+),0.0000
A4850,CAP,II·QRS(+) | V1·QRS(+),0.0000
A5059,CAP,V1·pré-QRS(+) | V4·QRS(+),1.0000
A5060,CAP,III·QRS(−) | V3·QRS(+),0.0000
A5700,CAP,II·ST-T(+) | aVR·pré-QRS(+),0.0000
A5771,CAP,III·pré-QRS(+) | III·ST-T(+),0.0000
A5839,CAP,V1·pré-QRS(+) | V3·QRS(+),0.0000
A6052,CAP,aVR·pré-QRS(+) | aVL·QRS(+),0.0000
A6063,CAP,aVR·QRS(+) | V1·pré-QRS(+),1.0000
A6322,CAP,II·QRS(+) | V1·pré-QRS(+),0.0000
A6367,CAP,V1·pré-QRS(+) | V5·QRS(+),0.1429
A6421,CAP,V1·pré-QRS(+) | V5·QRS(+),0.1429
A6477,CAP,II·pré-QRS(+) | aVR·pré-QRS(+),0.0000
A6723,CAP,II·QRS(+) | aVR·QRS(+),0.0000
A6753,CAP,aVR·QRS(+) | V3·ST-T(+),0.0000
A6856,CAP,II·ST-T(+) | V1·QRS(−),0.0000
A0084,CVP,II·QRS(−) | aVF·QRS(+),1.0000
A0103,CVP,V2·pré-QRS(−) | V5·QRS(+),0.0000
A0130,CVP,V2·QRS(+) | V2·ST-T(+),0.0000
A0452,CVP,V1·QRS(+) | V3·pré-QRS(+),0.0000
A0459,CVP,aVR·QRS(+) | V5·QRS(+),0.5000
A0622,CVP,II·QRS(−) | aVF·QRS(+),1.0000
A0666,CVP,aVL·pré-QRS(−) | V5·pré-QRS(+),0.0000
A0670,CVP,III·QRS(+) | V6·QRS(+),0.0000
A0901,CVP,aVR·QRS(+) | aVF·QRS(+),1.0000
A1000,CVP,aVF·QRS(+) | V1·pré-QRS(−),0.0000
A1032,CVP,aVR·QRS(+) | V1·QRS(+),0.0909
A1245,CVP,aVR·QRS(+) | V5·QRS(+),0.5000
A1450,CVP,V2·QRS(+) | V3·QRS(+),0.0000
A1475,CVP,I·QRS(+) | V5·QRS(+),0.0000
A1677,CVP,aVF·QRS(+) | V2·QRS(+),1.0000
A1775,CVP,V1·QRS(+) | V2·QRS(+),0.0000
A1813,CVP,I·QRS(+) | III·ST-T(+),0.0000
A1947,CVP,aVR·QRS(+) | V5·QRS(+),0.5000
A2021,CVP,aVR·pré-QRS(+) | V1·ST-T(+),0.0000
A2166,CVP,aVR·pré-QRS(+) | aVR·QRS(+),0.0000
A2239,CVP,aVR·QRS(+) | aVF·QRS(+),1.0000
A2892,CVP,aVR·QRS(+) | aVF·QRS(+),1.0000
A2901,CVP,aVF·QRS(+) | V1·QRS(+),0.0000
A3244,CVP,I·pré-QRS(+) | aVF·QRS(+),0.0000
A3481,CVP,aVR·QRS(+) | V6·QRS(+),0.0000
A3492,CVP,aVR·QRS(+) | V2·ST-T(−),0.0000
A3792,CVP,aVR·QRS(+) | V5·QRS(+),0.5000
A4057,CVP,I·QRS(+) | aVR·QRS(+),0.0000
A4117,CVP,II·pré-QRS(+) | aVR·pré-QRS(+),0.0000
A4212,CVP,III·QRS(+) | V5·QRS(+),0.0000
A4232,CVP,aVL·ST-T(+) | aVF·QRS(+),0.0000
A4353,CVP,aVR·pré-QRS(+) | V2·QRS(+),0.0000
A4377,CVP,aVL·pré-QRS(+) | V1·pré-QRS(+),0.0000
A4499,CVP,V5·QRS(+) | V6·pré-QRS(+),0.0000
A4578,CVP,aVR·QRS(+) | V5·QRS(+),0.5000
A4747,CVP,II·ST-T(+) | V2·QRS(+),0.0000
A4757,CVP,II·QRS(−) | aVF·QRS(+),1.0000
A4937,CVP,aVF·QRS(+) | V2·QRS(+),1.0000
A5030,CVP,II·QRS(+) | V6·QRS(+),0.0000
A5069,CVP,aVL·ST-T(+) | V1·QRS(+),0.0000
A5087,CVP,V1·QRS(+) | V6·QRS(−),0.0000
A5147,CVP,aVR·QRS(+) | V6·pré-QRS(−),0.0000
A5231,CVP,aVR·QRS(+) | V1·ST-T(+),0.0000
A5299,CVP,V1·pré-QRS(+) | V6·pré-QRS(+),0.0000
A5302,CVP,aVR·QRS(+) | V2·pré-QRS(−),0.0000
A5303,CVP,I·QRS(+) | II·QRS(−),0.0000
A5351,CVP,aVL·ST-T(+) | V2·QRS(+),0.0000
A5357,CVP,aVL·ST-T(+) | V4·pré-QRS(+),0.0000
A5662,CVP,I·ST-T(+) | III·ST-T(+),0.0000
A5729,CVP,aVR·pré-QRS(+) | aVL·QRS(+),0.0000
A5781,CVP,aVF·QRS(+) | V2·QRS(+),1.0000
A5918,CVP,aVR·QRS(+) | aVF·QRS(+),1.0000
A5927,CVP,aVR·QRS(+) | aVF·QRS(+),1.0000
A5946,CVP,aVR·QRS(+) | V6·ST-T(+),0.0000
A5994,CVP,aVR·QRS(+) | V1·QRS(+),0.0909
A6333,CVP,aVR·QRS(+) | V5·QRS(+),0.5000
A6385,CVP,II·QRS(−) | III·QRS(+),0.0000
A6484,CVP,aVR·pré-QRS(−) | aVL·ST-T(+),0.0000
A6667,CVP,aVR·QRS(+) | aVF·QRS(+),1.0000
A0196,STD,II·ST-T(+) | V2·ST-T(+),0.5000
A0432,STD,II·ST-T(+) | V1·QRS(+),0.0000
A0717,STD,aVR·pré-QRS(+) | V3·ST-T(+),1.0000
A0825,STD,V2·QRS(+) | V3·QRS(+),0.1667
A0839,STD,I·ST-T(+) | aVR·ST-T(+),1.0000
A0903,STD,II·pré-QRS(+) | aVR·pré-QRS(+),0.0000
A1095,STD,II·QRS(+) | V4·QRS(+),0.0000
A1283,STD,I·ST-T(+) | aVR·ST-T(+),1.0000
A1290,STD,aVL·ST-T(+) | V1·QRS(+),0.0000
A1403,STD,II·ST-T(+) | aVR·ST-T(+),0.8750
A1416,STD,aVR·ST-T(+) | V2·pré-QRS(+),1.0000
A1481,STD,aVR·ST-T(+) | V3·pré-QRS(+),0.0000
A1611,STD,II·ST-T(+) | aVR·ST-T(+),0.8750
A1881,STD,II·pré-QRS(+) | V2·ST-T(+),0.0000
A2132,STD,aVR·ST-T(+) | aVL·ST-T(+),1.0000
A2203,STD,aVR·ST-T(+) | V2·ST-T(+),1.0000
A2243,STD,I·ST-T(+) | aVR·ST-T(+),1.0000
A2293,STD,II·ST-T(+) | aVR·pré-QRS(+),0.0000
A2395,STD,aVR·ST-T(+) | V3·QRS(+),1.0000
A2492,STD,V2·pré-QRS(+) | V2·QRS(+),0.0000
A2596,STD,aVR·ST-T(+) | V2·ST-T(+),1.0000
A2618,STD,aVR·QRS(+) | V2·QRS(+),0.0000
A2748,STD,III·pré-QRS(−) | aVR·ST-T(+),0.0000
A2802,STD,aVR·pré-QRS(+) | V3·QRS(+),0.0000
A2948,STD,aVR·ST-T(+) | V1·pré-QRS(+),0.0000
A2969,STD,aVR·pré-QRS(+) | V3·ST-T(+),1.0000
A3117,STD,III·pré-QRS(−) | V3·QRS(+),0.0000
A3139,STD,aVR·ST-T(+) | V3·ST-T(+),1.0000
A3258,STD,aVR·ST-T(+) | V2·pré-QRS(+),1.0000
A3276,STD,II·ST-T(+) | aVR·ST-T(+),0.8750
A3370,STD,aVR·ST-T(+) | V3·QRS(+),1.0000
A3459,STD,II·ST-T(+) | aVR·ST-T(+),0.8750
A3463,STD,V2·ST-T(+) | V3·QRS(+),1.0000
A3512,STD,aVR·QRS(+) | aVR·ST-T(+),0.0000
A3566,STD,aVR·ST-T(+) | aVL·ST-T(+),1.0000
A3592,STD,V1·QRS(+) | V4·QRS(+),0.0588
A3696,STD,aVR·ST-T(+) | V3·ST-T(+),1.0000
A4059,STD,I·ST-T(+) | aVR·QRS(+),0.0000
A4467,STD,aVR·ST-T(+) | V3·ST-T(+),1.0000
A4659,STD,aVR·ST-T(+) | V2·ST-T(+),1.0000
A4697,STD,V3·pré-QRS(+) | V3·ST-T(+),0.0000
A4990,STD,V1·QRS(+) | V4·QRS(+),0.0588
A5043,STD,II·ST-T(+) | V3·ST-T(+),0.0000
A5048,STD,aVR·pré-QRS(+) | V3·pré-QRS(+),0.0000
A5087,STD,aVR·QRS(+) | V5·QRS(+),0.0000
A5174,STD,V2·QRS(+) | V2·ST-T(+),0.0000
A5209,STD,II·ST-T(+) | aVR·ST-T(+),0.8750
A5243,STD,I·ST-T(+) | aVR·ST-T(+),1.0000
A5274,STD,I·ST-T(+) | aVR·ST-T(+),1.0000
A5390,STD,II·ST-T(+) | aVR·ST-T(+),0.8750
A5460,STD,aVR·ST-T(+) | V4·QRS(+),0.0000
A5591,STD,II·ST-T(+) | V2·ST-T(+),0.5000
A5695,STD,aVR·ST-T(+) | V3·ST-T(+),1.0000
A6054,STD,aVR·ST-T(+) | V2·ST-T(+),1.0000
A6095,STD,II·ST-T(+) | aVR·ST-T(+),0.8750
A6110,STD,aVR·ST-T(+) | V5·QRS(+),0.0000
A6129,STD,V3·pré-QRS(+) | V5·pré-QRS(+),0.0000
A6152,STD,aVR·pré-QRS(+) | V1·pré-QRS(+),0.0000
A6389,STD,V2·QRS(+) | V4·QRS(+),0.0000
A6453,STD,V2·QRS(+) | V3·QRS(+),0.1667
A6627,STD,V2·ST-T(+) | V3·QRS(+),1.0000
A6762,STD,I·ST-T(+) | aVR·ST-T(+),1.0000
A6769,STD,V1·ST-T(−) | V2·pré-QRS(+),0.0000
A6775,STD,I·ST-T(+) | aVR·ST-T(+),1.0000
A6786,STD,II·ST-T(+) | aVR·ST-T(+),0.8750
A0256,STE,V3·QRS(−) | V3·ST-T(+),0.0000
A1236,STE,II·pré-QRS(+) | aVR·pré-QRS(+),0.0612
A1296,STE,aVR·pré-QRS(+) | V2·pré-QRS(+),0.0000
A1750,STE,aVR·pré-QRS(+) | V1·QRS(+),0.0488
A1960,STE,II·pré-QRS(+) | aVR·pré-QRS(+),0.0612
A2843,STE,aVR·pré-QRS(+) | V4·pré-QRS(+),0.0000
A3040,STE,I·QRS(+) | V1·QRS(+),0.0000
A3429,STE,V1·QRS(+) | V5·pré-QRS(+),0.0000
A3620,STE,aVR·pré-QRS(+) | V1·QRS(+),0.0488
A3870,STE,aVL·ST-T(−) | V3·ST-T(+),0.0000
A4181,STE,II·pré-QRS(+) | aVR·pré-QRS(+),0.0612
A4296,STE,aVR·pré-QRS(+) | V4·QRS(+),0.0000
A4935,STE,aVR·pré-QRS(+) | V1·QRS(+),0.0488
A6140,STE,II·pré-QRS(+) | aVR·pré-QRS(+),0.0612
